model,category,precision,recall,f1,support
regex,benign,0.20242914979757085,1.0,0.3367003367003367,100
regex,jailbreak,1.0,0.06,0.11320754716981132,100
regex,pii_exfiltration,1.0,0.09,0.1651376146788991,100
regex,prompt_injection,1.0,0.09,0.1651376146788991,100
regex,rag_prompt_injection,1.0,0.01,0.019801980198019802,100
regex,secret_exfiltration,0.5925925925925926,0.48,0.5303867403314917,100
logistic_regression,benign,0.9523809523809523,1.0,0.975609756097561,100
logistic_regression,jailbreak,1.0,1.0,1.0,100
logistic_regression,pii_exfiltration,1.0,1.0,1.0,100
logistic_regression,prompt_injection,1.0,1.0,1.0,100
logistic_regression,rag_prompt_injection,0.9900990099009901,1.0,0.9950248756218906,100
logistic_regression,secret_exfiltration,1.0,0.94,0.9690721649484536,100
xgboost,benign,0.6711409395973155,1.0,0.8032128514056225,100
xgboost,jailbreak,1.0,0.43,0.6013986013986014,100
xgboost,pii_exfiltration,0.9876543209876543,0.8,0.8839779005524862,100
xgboost,prompt_injection,0.7966101694915254,0.94,0.8623853211009175,100
xgboost,rag_prompt_injection,1.0,0.73,0.8439306358381503,100
xgboost,secret_exfiltration,0.6617647058823529,0.9,0.7627118644067796,100
