model,variation,n,accuracy_pct
regex,benign_looking,12,58.33
regex,capitalization,12,66.67
regex,indirect_instruction,12,41.67
regex,multilingual_fr,12,16.67
regex,obfuscated_leetspeak,12,16.67
regex,obfuscated_manual,12,16.67
regex,original,12,66.67
regex,paraphrase,12,41.67
regex,punctuation,12,66.67
regex,role_play,12,50.0
regex,whitespace,12,58.33
logistic_regression,benign_looking,12,91.67
logistic_regression,capitalization,12,100.0
logistic_regression,indirect_instruction,12,91.67
logistic_regression,multilingual_fr,12,66.67
logistic_regression,obfuscated_leetspeak,12,41.67
logistic_regression,obfuscated_manual,12,83.33
logistic_regression,original,12,100.0
logistic_regression,paraphrase,12,83.33
logistic_regression,punctuation,12,100.0
logistic_regression,role_play,12,91.67
logistic_regression,whitespace,12,100.0
xgboost,benign_looking,12,50.0
xgboost,capitalization,12,66.67
xgboost,indirect_instruction,12,50.0
xgboost,multilingual_fr,12,16.67
xgboost,obfuscated_leetspeak,12,16.67
xgboost,obfuscated_manual,12,41.67
xgboost,original,12,66.67
xgboost,paraphrase,12,83.33
xgboost,punctuation,12,66.67
xgboost,role_play,12,66.67
xgboost,whitespace,12,66.67
